<?xml version="1.0" encoding="UTF-8" standalone="yes"?>
<addon id="plugin.video.wargames" name="[COLOR ghostwhite][B]WarGames[/B][/COLOR]" version="14.0.2" provider-name="[COLOR ghostwhite][B]KISAKUL[/B][/COLOR]">
	<requires>
		<import addon="xbmc.python" version="2.1.0" />
		<import addon="plugin.video.youtube" version="5.2.1" optional="true" />
		<import addon="script.module.pyxbmct" version="1.1.4" />
		<import addon="script.module.urlresolver" version="3.0.0"/>
		<import addon="script.module.liveresolver" version="0.1.24"/>
		<import addon="script.video.F4mProxy" version="2.2.3"/>
		<import addon="script.wargames.artwork" version="1.0.0"/>
		<import addon="script.wargames.metadata" version="1.0.0"/>
		<import addon="script.module.metahandler" version="1.0.0" />
		<import addon="script.module.wargames"/>
	</requires>
	<extension point="xbmc.python.pluginsource" library="default.py">
		<provides>video</provides>
	</extension>
	<extension point="xbmc.addon.metadata">
		<summary lang="en">Is this real or is it a game?</summary>
		<description lang="en">WarGames - Thinking oustide the box.  Taking something that is already good and making it better. </description>
		<disclaimer lang="en">The author does not host or distribute any content. Credits to Phoenix and Exodus for SOME of the base code.</disclaimer>
		<platform>all</platform>
		<forum>https://www.facebook.com/groups/anonymouskodi/</forum>
		<assets>
			<icon>icon.png</icon>
			<fanart>fanart.jpg</fanart>
			<screenshot>resources/screenshots/screenshot-01.jpg</screenshot>
			<screenshot>resources/screenshots/screenshot-02.jpg</screenshot>
			<screenshot>resources/screenshots/screenshot-03.jpg</screenshot>
		</assets>
		<news>The only winning move is not to play.</news>
	</extension>
</addon>