<?xml version="1.0" encoding="UTF-8" standalone="yes"?>
<addon id="plugin.video.anonymous"
       name="Anonymous Stolen Streams"
       version="14.0.2"
       provider-name="Modified by Anonymous/ Origional Author Shani">
  <requires>
    <import addon="xbmc.python" version="2.1.0"/>
    <import addon="script.module.beautifulsoup" version="3.2.1"/>
    <import addon="script.module.simple.downloader" version="0.9.4"/>
    <import addon="script.module.beautifulsoup4" />
    <import addon="script.module.requests" />
    <import addon="script.module.httplib2" />
    <import addon="script.module.liveresolver" version="0.1.24" optional="true"/>
    <import addon="script.module.youtube.dl" optional="true"/>
    <import addon="plugin.video.youtube" optional="true" />
    <import addon="script.module.urlresolver" optional="true"/>
    <import addon="script.module.simplejson" />    
    <import addon="script.module.livestreamer" optional="true"/>
    <import addon="script.module.pyamf" optional="true"/>
	  <import addon="repository.anonymousgroup"  version="1.0.0"/>
  </requires>
  <extension point="xbmc.python.pluginsource" library="default.py">
    <provides>video</provides>
  </extension>


  <extension point="xbmc.addon.metadata">
    <summary>Anonymous Without Shame Gives You Free TV links</summary>
    <description>
		Streams we have accumlated, these internet links are from other addons
		and other sources found pubically on the internet.
		Thank you to who we gotten them from... Much Love! 
		We do not HOST any content, we only provied the URLS that were 
		Attained through google and other internet sources pubically searchable.
    </description>
    <platform>all</platform>
  </extension>
</addon>
